oss,xdate,SITE_ID,yesterdayName,todayName,cellname,MRBTS,lnbts,LNCEL,earfcnDL,dlchbw,pMax,remark
JAV,2019-09-04,14TMG021,L_JLPARAKAN_MT1_XXX,L_JLPARAKAN_MT1_XXX_O_XYX,L_JLPARAKAN_MT1_XXX,31407,31407,1,1625,200,430,newXYX
JAV,2019-09-04,14TMG021,L_JLPARAKAN_MT2_XXX,L_JLPARAKAN_MT2_XXX_O_XYX,L_JLPARAKAN_MT2_XXX,31407,31407,2,1625,200,430,newXYX
JAV,2019-09-04,14TMG021,L_JLPARAKAN_MT3_XXX,L_JLPARAKAN_MT3_XXX_O_XYX,L_JLPARAKAN_MT3_XXX,31407,31407,3,1625,200,430,newXYX
JAV,2019-09-04,14SMG031,E_JAGALAN_SMG1,E_JAGALAN_SMG1_O_XYX,E_JAGALAN_SMG1_O_XYX,32362,32362,1,500,100,430,newXYX
JAV,2019-09-04,14SMG031,E_JAGALAN_SMG2,E_JAGALAN_SMG2_O_XYX,E_JAGALAN_SMG2_O_XYX,32362,32362,2,500,100,430,newXYX
JAV,2019-09-04,14SMG031,E_JAGALAN_SMG3,E_JAGALAN_SMG3_O_XYX,E_JAGALAN_SMG3_O_XYX,32362,32362,3,500,100,430,newXYX
JAV,2019-09-04,14SMG008,E_SUDIRMAN_SMG1,E_SUDIRMAN_SMG1_O_XYX,E_SUDIRMAN_SMG1_O_XYX,32368,32368,1,500,100,430,newXYX
JAV,2019-09-04,14SMG008,E_SUDIRMAN_SMG2,E_SUDIRMAN_SMG2_O_XYX,E_SUDIRMAN_SMG2_O_XYX,32368,32368,2,500,100,430,newXYX
JAV,2019-09-04,14SMG008,E_SUDIRMAN_SMG3,E_SUDIRMAN_SMG3_O_XYX,E_SUDIRMAN_SMG3_O_XYX,32368,32368,3,500,100,430,newXYX
JAV,2019-09-04,14SMG107,E_PODOREJO1,E_PODOREJO1_O_XYX,E_PODOREJO1_O_XYX,32576,32576,1,500,100,430,newXYX
JAV,2019-09-04,14SMG107,E_PODOREJO2,E_PODOREJO2_O_XYX,E_PODOREJO2_O_XYX,32576,32576,2,500,100,430,newXYX
JAV,2019-09-04,14SMG107,E_PODOREJO3,E_PODOREJO3_O_XYX,E_PODOREJO3_O_XYX,32576,32576,3,500,100,430,newXYX
JAV,2019-09-04,14UNR124,E_GEDANGANAK_UNR_PL1,E_GEDANGANAK_UNR_PL1_O_XYX,E_GEDANGANAK_UNR_PL1_O_XYX,32772,32772,1,500,100,430,newXYX
JAV,2019-09-04,14UNR124,E_GEDANGANAK_UNR_PL2,E_GEDANGANAK_UNR_PL2_O_XYX,E_GEDANGANAK_UNR_PL2_O_XYX,32772,32772,2,500,100,430,newXYX
JAV,2019-09-04,14UNR124,E_GEDANGANAK_UNR_PL3,E_GEDANGANAK_UNR_PL3_O_XYX,E_GEDANGANAK_UNR_PL3_O_XYX,32772,32772,3,500,100,430,newXYX
JAV,2019-09-04,14SMG324,E_TAMBAKAJI_SMG_TB1,E_TAMBAKAJI_SMG_TB1_O_XYX,E_TAMBAKAJI_SMG_TB1_O_XYX,32779,32779,1,500,100,430,newXYX
JAV,2019-09-04,14SMG324,E_TAMBAKAJI_SMG_TB2,E_TAMBAKAJI_SMG_TB2_O_XYX,E_TAMBAKAJI_SMG_TB2_O_XYX,32779,32779,2,500,100,430,newXYX
JAV,2019-09-04,14SMG324,E_TAMBAKAJI_SMG_TB3,E_TAMBAKAJI_SMG_TB3_O_XYX,E_TAMBAKAJI_SMG_TB3_O_XYX,32779,32779,3,500,100,430,newXYX
JAV,2019-09-04,14SMG325,E_BANARAN_SMG_TB1,E_BANARAN_SMG_TB1_O_XYX,E_BANARAN_SMG_TB1_O_XYX,32780,32780,1,500,100,430,newXYX
JAV,2019-09-04,14SMG325,E_BANARAN_SMG_TB2,E_BANARAN_SMG_TB2_O_XYX,E_BANARAN_SMG_TB2_O_XYX,32780,32780,2,500,100,430,newXYX
JAV,2019-09-04,14SMG325,E_BANARAN_SMG_TB3,E_BANARAN_SMG_TB3_O_XYX,E_BANARAN_SMG_TB3_O_XYX,32780,32780,3,500,100,430,newXYX
JAV,2019-09-04,14SMG445,E_CANDILAND_SMG1_O_XXX,E_CANDILAND_SMG1_O_XYX,E_CANDILAND_SMG1_O_XYX,32807,32807,1,500,100,430,newXYX
JAV,2019-09-04,14SMG445,E_CANDILAND_SMG2_O_XXX,E_CANDILAND_SMG2_O_XYX,E_CANDILAND_SMG2_O_XYX,32807,32807,2,500,100,430,newXYX
JAV,2019-09-04,14SMG445,E_CANDILAND_SMG3_O_XXX,E_CANDILAND_SMG3_O_XYX,E_CANDILAND_SMG3_O_XYX,32807,32807,3,500,100,430,newXYX
JAV,2019-09-04,20SBY401,L_PAKUWONSBY_CM1_O_XXX,L_PAKUWONSBY_CM1_O_XYX,L_PAKUWONSBY_CM1_O_XYX,40439,40439,1,1625,200,460,newXYX
JAV,2019-09-04,20SBY401,L_PAKUWONSBY_CM2_O_XXX,L_PAKUWONSBY_CM2_O_XYX,L_PAKUWONSBY_CM2_O_XYX,40439,40439,2,1625,200,460,newXYX
JAV,2019-09-04,20SBY401,L_PAKUWONSBY_CM3_O_XXX,L_PAKUWONSBY_CM3_O_XYX,L_PAKUWONSBY_CM3_O_XYX,40439,40439,3,1625,200,460,newXYX
JAV,2019-09-04,20SBY191,L_GRH_BUKOPIN1,L_GRH_BUKOPIN1_O_XYX,L_GRH_BUKOPIN1_O_XYX,40447,40447,1,1625,200,460,newXYX
JAV,2019-09-04,20SBY191,L_GRH_BUKOPIN2,L_GRH_BUKOPIN2_O_XYX,L_GRH_BUKOPIN2_O_XYX,40447,40447,2,1625,200,460,newXYX
JAV,2019-09-04,20SBY191,L_GRH_BUKOPIN3,L_GRH_BUKOPIN3_O_XYX,L_GRH_BUKOPIN3_O_XYX,40447,40447,3,1625,200,460,newXYX
JAV,2019-09-04,20SBY451,L_TUNJUNGAN_PLZ61,L_TUNJUNGAN_PLZ61_O_XYX,L_TUNJUNGAN_PLZ61,40460,40460,1,1625,200,460,newXYX
JAV,2019-09-04,20SBY451,L_TUNJUNGAN_PLZ62,L_TUNJUNGAN_PLZ62_O_XYX,L_TUNJUNGAN_PLZ62,40460,40460,2,1625,200,460,newXYX
JAV,2019-09-04,20SBY451,L_TUNJUNGAN_PLZ63,L_TUNJUNGAN_PLZ63_O_XYX,L_TUNJUNGAN_PLZ63,40460,40460,3,1625,200,460,newXYX
JAV,2019-09-04,20SBY191,_L_GRHBUKOPIN1,_L_GRHBUKOPIN1_O_XYX,_L_GRHBUKOPIN1_O_XYX,40516,40516,7,1625,150,448,newXYX
JAV,2019-09-04,20SBY326,E_UNAIR1,E_UNAIR1_O_XYX,E_UNAIR1_O_XYX,47113,47113,7,500,100,430,newXYX
JAV,2019-09-04,20SBY326,E_UNAIR2,E_UNAIR2_O_XYX,E_UNAIR2_O_XYX,47113,47113,8,500,100,430,newXYX
JAV,2019-09-04,20SBY326,E_UNAIR3,E_UNAIR3_O_XYX,E_UNAIR3_O_XYX,47113,47113,9,500,100,430,newXYX
JAV,2019-09-04,20SBY451,_L_TUNJUNGAN_PLZ61,_L_TUNJUNGAN_PLZ61_O_XYX,_L_TUNJUNGAN_PLZ61_O_XYX,47250,47250,7,1625,150,448,newXYX
JAV,2019-09-04,20SBY451,_L_TUNJUNGAN_PLZ62,_L_TUNJUNGAN_PLZ62_O_XYX,_L_TUNJUNGAN_PLZ62_O_XYX,47250,47250,8,1625,150,448,newXYX
JAV,2019-09-04,20SBY451,_L_TUNJUNGAN_PLZ63,_L_TUNJUNGAN_PLZ63_O_XYX,_L_TUNJUNGAN_PLZ63_O_XYX,47250,47250,9,1625,150,448,newXYX
JAV,2019-09-04,20GSK003,E_PETRO1,E_PETRO1_O_XYX,E_PETRO1_O_XYX,47259,47259,7,500,100,430,newXYX
JAV,2019-09-04,20GSK003,E_PETRO2,E_PETRO2_O_XYX,E_PETRO2_O_XYX,47259,47259,8,500,100,430,newXYX
JAV,2019-09-04,20GSK003,E_PETRO3,E_PETRO3_O_XYX,E_PETRO3_O_XYX,47259,47259,9,500,100,430,newXYX
JAV,2019-09-04,20GSK009,E_KEBOMAS1,E_KEBOMAS1_O_XYX,E_KEBOMAS1_O_XYX,47260,47260,7,500,100,430,newXYX
JAV,2019-09-04,20GSK009,E_KEBOMAS2,E_KEBOMAS2_O_XYX,E_KEBOMAS2_O_XYX,47260,47260,8,500,100,430,newXYX
JAV,2019-09-04,20GSK009,E_KEBOMAS3,E_KEBOMAS3_O_XYX,E_KEBOMAS3_O_XYX,47260,47260,9,500,100,430,newXYX
JAV,2019-09-04,20SBY113,E_PETRAIM31,E_PETRAIM31_O_XYX,E_PETRAIM31_O_XYX,47262,47262,7,500,100,430,newXYX
JAV,2019-09-04,20SBY113,E_PETRAIM32,E_PETRAIM32_O_XYX,E_PETRAIM32_O_XYX,47262,47262,8,500,100,430,newXYX
JAV,2019-09-04,20SBY113,E_PETRAIM33,E_PETRAIM33_O_XYX,E_PETRAIM33_O_XYX,47262,47262,9,500,100,430,newXYX
JAV,2019-09-04,20SBY420,E_MASPIONSBY_PL1,E_MASPIONSBY_PL1_O_XYX,E_MASPIONSBY_PL1_O_XYX,47263,47263,7,500,100,430,newXYX
JAV,2019-09-04,20SBY420,E_MASPIONSBY_PL2,E_MASPIONSBY_PL2_O_XYX,E_MASPIONSBY_PL2_O_XYX,47263,47263,8,500,100,430,newXYX
JAV,2019-09-04,20SBY420,E_MASPIONSBY_PL3,E_MASPIONSBY_PL3_O_XYX,E_MASPIONSBY_PL3_O_XYX,47263,47263,9,500,100,430,newXYX
JAV,2019-09-04,20SBY401,E_PAKUWONSBY_CM1_O_XXX,E_PAKUWONSBY_CM1_O_XYX,E_PAKUWONSBY_CM1_O_XYX,47444,47444,1,500,100,430,newXYX
JAV,2019-09-04,20SBY401,E_PAKUWONSBY_CM2_O_XXX,E_PAKUWONSBY_CM2_O_XYX,E_PAKUWONSBY_CM2_O_XYX,47444,47444,2,500,100,430,newXYX
JAV,2019-09-04,20SBY401,E_PAKUWONSBY_CM3_O_XXX,E_PAKUWONSBY_CM3_O_XYX,E_PAKUWONSBY_CM3_O_XYX,47444,47444,3,500,100,430,newXYX
JAV,2019-09-04,20SBY191,E_GRH_BUKOPIN1_XXX,E_GRH_BUKOPIN1_XXX_O_XYX,E_GRH_BUKOPIN1_XXX_O_XYX,47477,47477,1,476,50,430,newXYX
JAV,2019-09-04,20SBY191,E_GRH_BUKOPIN2_XXX,E_GRH_BUKOPIN2_XXX_O_XYX,E_GRH_BUKOPIN2_XXX_O_XYX,47477,47477,2,476,50,430,newXYX
JAV,2019-09-04,20SBY191,E_GRH_BUKOPIN3_XXX,E_GRH_BUKOPIN3_XXX_O_XYX,E_GRH_BUKOPIN3_XXX_O_XYX,47477,47477,3,476,50,430,newXYX
JAV,2019-09-04,20SBY506,E_GUNUNGANYAR_MT1_XXX,E_GUNUNGANYAR_MT1_XXX_O_XYX,E_GUNUNGANYAR_MT1_XXX_O_XYX,47482,47482,1,500,100,430,newXYX
JAV,2019-09-04,20SBY506,E_GUNUNGANYAR_MT2_XXX,E_GUNUNGANYAR_MT2_XXX_O_XYX,E_GUNUNGANYAR_MT2_XXX_O_XYX,47482,47482,2,500,100,430,newXYX
JAV,2019-09-04,20SBY506,E_GUNUNGANYAR_MT3_XXX,E_GUNUNGANYAR_MT3_XXX_O_XYX,E_GUNUNGANYAR_MT3_XXX_O_XYX,47482,47482,3,500,100,430,newXYX
KLM,2019-09-04,19TRG030,L_PRANGAT1,L_PRANGAT1_O_XYX,L_PRANGAT1_O_XYX,70390,70390,1,1625,150,448,newXYX
KLM,2019-09-04,19TRG030,L_PRANGAT2,L_PRANGAT2_O_XYX,L_PRANGAT2_O_XYX,70390,70390,2,1625,150,448,newXYX
KLM,2019-09-04,19TRG030,L_PRANGAT3,L_PRANGAT3_O_XYX,L_PRANGAT3_O_XYX,70390,70390,3,1625,150,448,newXYX
KLM,2019-09-04,19SMR002,E_RRISMRNDA1,E_RRISMRNDA1_O_XYX,E_RRISMRNDA1_O_XYX,70501,70501,1,476,50,430,newXYX
KLM,2019-09-04,19SMR002,E_RRISMRNDA2,E_RRISMRNDA2_O_XYX,E_RRISMRNDA2_O_XYX,70501,70501,2,476,50,430,newXYX
KLM,2019-09-04,19SMR002,E_RRISMRNDA3,E_RRISMRNDA3_O_XYX,E_RRISMRNDA3_O_XYX,70501,70501,3,476,50,430,newXYX
KLM,2019-09-04,19TRG072,E_MALUHU2_SM1,E_MALUHU2_SM1_O_XYX,E_MALUHU2_SM1_O_XYX,70603,70603,1,476,50,430,newXYX
KLM,2019-09-04,19TRG072,E_MALUHU2_SM2,E_MALUHU2_SM2_O_XYX,E_MALUHU2_SM2_O_XYX,70603,70603,2,476,50,430,newXYX
KLM,2019-09-04,19TRG072,E_MALUHU2_SM3,E_MALUHU2_SM3_O_XYX,E_MALUHU2_SM3_O_XYX,70603,70603,3,476,50,430,newXYX
KLM,2019-09-04,16MPW035,L_PERDAMAIAN_PTK_PL1,L_PERDAMAIAN_PTK_PL1_O_XYX,L_PERDAMAIAN_PTK_PL1_O_XYX,71080,71080,1,1625,150,448,newXYX
KLM,2019-09-04,16MPW035,L_PERDAMAIAN_PTK_PL2,L_PERDAMAIAN_PTK_PL2_O_XYX,L_PERDAMAIAN_PTK_PL2_O_XYX,71080,71080,2,1625,150,448,newXYX
KLM,2019-09-04,16MPW035,L_PERDAMAIAN_PTK_PL3,L_PERDAMAIAN_PTK_PL3_O_XYX,L_PERDAMAIAN_PTK_PL3_O_XYX,71080,71080,3,1625,150,448,newXYX
KLM,2019-09-04,18PBU040,L_CAMP_PBNA1,L_CAMP_PBNA1_O_XYX,L_CAMP_PBNA1_O_XYX,72051,72051,1,1625,150,430,newXYX
KLM,2019-09-04,18PBU040,L_CAMP_PBNA2,L_CAMP_PBNA2_O_XYX,L_CAMP_PBNA2_O_XYX,72051,72051,2,1625,150,430,newXYX
KLM,2019-09-04,18PBU040,L_CAMP_PBNA3,L_CAMP_PBNA3_O_XYX,L_CAMP_PBNA3_O_XYX,72051,72051,3,1625,150,430,newXYX
KLM,2019-09-04,18SPT055,L_PANTAI_HARAPAN_SM1,L_PANTAI_HARAPAN_SM1_O_XYX,L_PANTAI_HARAPAN_SM1_O_XYX,72135,72135,1,1625,150,448,newXYX
KLM,2019-09-04,18SPT055,L_PANTAI_HARAPAN_SM2,L_PANTAI_HARAPAN_SM2_O_XYX,L_PANTAI_HARAPAN_SM2_O_XYX,72135,72135,2,1625,150,448,newXYX
KLM,2019-09-04,18SPT055,L_PANTAI_HARAPAN_SM3,L_PANTAI_HARAPAN_SM3_O_XYX,L_PANTAI_HARAPAN_SM3_O_XYX,72135,72135,3,1625,150,448,newXYX
KLM,2019-09-04,18SPT055,T_PANTAI_HARAPAN_SM1,T_PANTAI_HARAPAN_SM1_O_XYX,T_PANTAI_HARAPAN_SM1_O_XYX,72135,72135,4,3676,50,430,newXYX
KLM,2019-09-04,18SPT055,T_PANTAI_HARAPAN_SM2,T_PANTAI_HARAPAN_SM2_O_XYX,T_PANTAI_HARAPAN_SM2_O_XYX,72135,72135,5,3676,50,430,newXYX
KLM,2019-09-04,18SPT055,T_PANTAI_HARAPAN_SM3,T_PANTAI_HARAPAN_SM3_O_XYX,T_PANTAI_HARAPAN_SM3_O_XYX,72135,72135,6,3676,50,430,newXYX
KLM,2019-09-04,18PBU017,E_KELURAHAN_BARU_TB1,E_KELURAHAN_BARU_TB1_O_XYX,E_KELURAHAN_BARU_TB1_O_XYX,72303,72303,1,476,50,430,newXYX
KLM,2019-09-04,18PBU017,E_KELURAHAN_BARU_TB2,E_KELURAHAN_BARU_TB2_O_XYX,E_KELURAHAN_BARU_TB2_O_XYX,72303,72303,2,476,50,430,newXYX
KLM,2019-09-04,18PBU017,E_KELURAHAN_BARU_TB3,E_KELURAHAN_BARU_TB3_O_XYX,E_KELURAHAN_BARU_TB3_O_XYX,72303,72303,3,476,50,430,newXYX
KLM,2019-09-04,18PBU033,E_JL_AM_RAFIFI1,E_JL_AM_RAFIFI1_O_XYX,E_JL_AM_RAFIFI1_O_XYX,72316,72316,1,474,50,430,newXYX
KLM,2019-09-04,18PBU033,E_JL_AM_RAFIFI2,E_JL_AM_RAFIFI2_O_XYX,E_JL_AM_RAFIFI2_O_XYX,72316,72316,2,474,50,430,newXYX
KLM,2019-09-04,18PBU033,E_JL_AM_RAFIFI3,E_JL_AM_RAFIFI3_O_XYX,E_JL_AM_RAFIFI3_O_XYX,72316,72316,3,474,50,430,newXYX
KLM,2019-09-04,18PBU020,E_KUMAI_HULU_TB1,E_KUMAI_HULU_TB1_O_XYX,E_KUMAI_HULU_TB1_O_XYX,72323,72323,1,474,50,430,newXYX
KLM,2019-09-04,18PBU020,E_KUMAI_HULU_TB2,E_KUMAI_HULU_TB2_O_XYX,E_KUMAI_HULU_TB2_O_XYX,72323,72323,2,474,50,430,newXYX
KLM,2019-09-04,18PBU020,E_KUMAI_HULU_TB3,E_KUMAI_HULU_TB3_O_XYX,E_KUMAI_HULU_TB3_O_XYX,72323,72323,3,474,50,430,newXYX
KLM,2019-09-04,18PBU022,E_ARUT_SELATAN_TB1,E_ARUT_SELATAN_TB1_O_XYX,E_ARUT_SELATAN_TB1_O_XYX,72439,72439,1,476,50,430,newXYX
KLM,2019-09-04,18PBU022,E_ARUT_SELATAN_TB2,E_ARUT_SELATAN_TB2_O_XYX,E_ARUT_SELATAN_TB2_O_XYX,72439,72439,2,476,50,430,newXYX
KLM,2019-09-04,18PBU022,E_ARUT_SELATAN_TB3,E_ARUT_SELATAN_TB3_O_XYX,E_ARUT_SELATAN_TB3_O_XYX,72439,72439,3,476,50,430,newXYX
KLM,2019-09-04,18PLK024,E_PASAR_KAHAYAN1,E_PASAR_KAHAYAN1_O_XYX,E_PASAR_KAHAYAN1_O_XYX,72623,72623,1,476,50,430,newXYX
KLM,2019-09-04,18PLK024,E_PASAR_KAHAYAN2,E_PASAR_KAHAYAN2_O_XYX,E_PASAR_KAHAYAN2_O_XYX,72623,72623,2,476,50,430,newXYX
KLM,2019-09-04,18PLK024,E_PASAR_KAHAYAN3,E_PASAR_KAHAYAN3_O_XYX,E_PASAR_KAHAYAN3_O_XYX,72623,72623,3,476,50,430,newXYX
KLM,2019-09-04,17BJM036,L_HBI1,L_HBI1_O_XYX,L_HBI1_O_XYX,73013,73013,1,1625,200,460,newXYX
KLM,2019-09-04,17BJM036,L_HBI2,L_HBI2_O_XYX,L_HBI2_O_XYX,73013,73013,2,1625,200,460,newXYX
KLM,2019-09-04,17BJM036,L_HBI3,L_HBI3_O_XYX,L_HBI3_O_XYX,73013,73013,3,1625,200,460,newXYX
KLM,2019-09-04,17BJM036,_L_HBI7,_L_HBI7_O_XYX,_L_HBI7_O_XYX,73180,73180,7,1625,200,460,newXYX
KLM,2019-09-04,17MRB013,L_BERANGAS_BARAT_KN1_O_XXX,L_BERANGAS_BARAT_KN1_O_XYX,L_BERANGAS_BARAT_KN1_O_XYX,73262,73262,1,1625,150,448,newXYX
KLM,2019-09-04,17MRB013,L_BERANGAS_BARAT_KN2_O_XXX,L_BERANGAS_BARAT_KN2_O_XYX,L_BERANGAS_BARAT_KN2_O_XYX,73262,73262,2,1625,150,448,newXYX
KLM,2019-09-04,17MRB013,L_BERANGAS_BARAT_KN3_O_XXX,L_BERANGAS_BARAT_KN3_O_XYX,L_BERANGAS_BARAT_KN3_O_XYX,73262,73262,3,1625,150,448,newXYX
KLM,2019-09-04,17KBA013,L_SEMAYAP_KOTABARU_KN1,L_SEMAYAP_KOTABARU_KN1_O_XYX,L_SEMAYAP_KOTABARU_KN1,73266,73266,1,1625,150,430,newXYX
KLM,2019-09-04,17KBA013,L_SEMAYAP_KOTABARU_KN2,L_SEMAYAP_KOTABARU_KN2_O_XYX,L_SEMAYAP_KOTABARU_KN2,73266,73266,2,1625,150,430,newXYX
KLM,2019-09-04,17KBA013,L_SEMAYAP_KOTABARU_KN3,L_SEMAYAP_KOTABARU_KN3_O_XYX,L_SEMAYAP_KOTABARU_KN3,73266,73266,3,1625,150,430,newXYX
KLM,2019-09-04,17MTP067,L_CAHAYA_INSAN_IF1_O_XXX,L_CAHAYA_INSAN_IF1_O_XYX,L_CAHAYA_INSAN_IF1_O_XYX,73285,73285,1,1625,150,448,newXYX
KLM,2019-09-04,17MTP067,L_CAHAYA_INSAN_IF2_O_XXX,L_CAHAYA_INSAN_IF2_O_XYX,L_CAHAYA_INSAN_IF2_O_XYX,73285,73285,2,1625,150,448,newXYX
KLM,2019-09-04,17MTP067,L_CAHAYA_INSAN_IF3_O_XXX,L_CAHAYA_INSAN_IF3_O_XYX,L_CAHAYA_INSAN_IF3_O_XYX,73285,73285,3,1625,150,448,newXYX
KLM,2019-09-04,17BRI025,L_BARABAI_SLT_PL1_O_XXX,L_BARABAI_SLT_PL1_O_XYX,L_BARABAI_SLT_PL1_O_XYX,73291,73291,1,1625,150,430,newXYX
KLM,2019-09-04,17BRI025,L_BARABAI_SLT_PL2_O_XXX,L_BARABAI_SLT_PL2_O_XYX,L_BARABAI_SLT_PL2_O_XYX,73291,73291,2,1625,150,430,newXYX
KLM,2019-09-04,17BRI025,L_BARABAI_SLT_PL3_O_XXX,L_BARABAI_SLT_PL3_O_XYX,L_BARABAI_SLT_PL3_O_XYX,73291,73291,3,1625,150,430,newXYX
KLM,2019-09-04,17BRI023,L_DS_MANDINGIN_PL1_O_XXX,L_DS_MANDINGIN_PL1_O_XYX,L_DS_MANDINGIN_PL1_O_XYX,73295,73295,1,1625,150,448,newXYX
KLM,2019-09-04,17BRI023,L_DS_MANDINGIN_PL2_O_XXX,L_DS_MANDINGIN_PL2_O_XYX,L_DS_MANDINGIN_PL2_O_XYX,73295,73295,2,1625,150,448,newXYX
KLM,2019-09-04,17BRI023,L_DS_MANDINGIN_PL3_O_XXX,L_DS_MANDINGIN_PL3_O_XYX,L_DS_MANDINGIN_PL3_O_XYX,73295,73295,3,1625,150,430,newXYX
KLM,2019-09-04,17BJM131,L_TAMAN_SIRING_PL1_O_XXX,L_TAMAN_SIRING_PL1_O_XYX,L_TAMAN_SIRING_PL1_O_XYX,73300,73300,1,1625,200,460,newXYX
KLM,2019-09-04,17BJM131,L_TAMAN_SIRING_PL2_O_XXX,L_TAMAN_SIRING_PL2_O_XYX,L_TAMAN_SIRING_PL2_O_XYX,73300,73300,2,1625,200,460,newXYX
KLM,2019-09-04,17BJM131,L_TAMAN_SIRING_PL3_O_XXX,L_TAMAN_SIRING_PL3_O_XYX,L_TAMAN_SIRING_PL3_O_XYX,73300,73300,3,1625,200,460,newXYX
KLM,2019-09-04,17MTP073,L_TAMBAK_SIRANG_BARU_PL1_O_XXX,L_TAMBAK_SIRANG_BARU_PL1_O_XYX,L_TAMBAK_SIRANG_BARU_PL1_O_XYX,73301,73301,1,1625,150,448,newXYX
KLM,2019-09-04,17MTP073,L_TAMBAK_SIRANG_BARU_PL2_O_XXX,L_TAMBAK_SIRANG_BARU_PL2_O_XYX,L_TAMBAK_SIRANG_BARU_PL2_O_XYX,73301,73301,2,1625,150,448,newXYX
KLM,2019-09-04,17MTP073,L_TAMBAK_SIRANG_BARU_PL3_O_XXX,L_TAMBAK_SIRANG_BARU_PL3_O_XYX,L_TAMBAK_SIRANG_BARU_PL3_O_XYX,73301,73301,3,1625,150,448,newXYX
KLM,2019-09-04,17MTP074,L_RANTAU_NANGKA_ST1_O_XXX,L_RANTAU_NANGKA_ST1_O_XYX,L_RANTAU_NANGKA_ST1_O_XYX,73302,73302,1,1625,150,448,newXYX
KLM,2019-09-04,17MTP074,L_RANTAU_NANGKA_ST2_O_XXX,L_RANTAU_NANGKA_ST2_O_XYX,L_RANTAU_NANGKA_ST2_O_XYX,73302,73302,2,1625,150,448,newXYX
KLM,2019-09-04,17MTP074,L_RANTAU_NANGKA_ST3_O_XXX,L_RANTAU_NANGKA_ST3_O_XYX,L_RANTAU_NANGKA_ST3_O_XYX,73302,73302,3,1625,150,448,newXYX
KLM,2019-09-04,17TJL020,L_PADANG_PANJANG_TBL_PL1_O_XXX,L_PADANG_PANJANG_TBL_PL1_O_XYX,L_PADANG_PANJANG_TBL_PL1_O_XYX,73303,73303,1,1625,150,448,newXYX
KLM,2019-09-04,17TJL020,L_PADANG_PANJANG_TBL_PL2_O_XXX,L_PADANG_PANJANG_TBL_PL2_O_XYX,L_PADANG_PANJANG_TBL_PL2_O_XYX,73303,73303,2,1625,150,448,newXYX
KLM,2019-09-04,17TJL020,L_PADANG_PANJANG_TBL_PL3_O_XXX,L_PADANG_PANJANG_TBL_PL3_O_XYX,L_PADANG_PANJANG_TBL_PL3_O_XYX,73303,73303,3,1625,150,448,newXYX
KLM,2019-09-04,17MTP029,E_KOMP_ASRAMA_HAJI1,E_KOMP_ASRAMA_HAJI1_O_XYX,E_KOMP_ASRAMA_HAJI1_O_XYX,73530,73530,1,476,50,430,newXYX
KLM,2019-09-04,17MTP029,E_KOMP_ASRAMA_HAJI2,E_KOMP_ASRAMA_HAJI2_O_XYX,E_KOMP_ASRAMA_HAJI2_O_XYX,73530,73530,2,476,50,430,newXYX
KLM,2019-09-04,17MTP029,E_KOMP_ASRAMA_HAJI3,E_KOMP_ASRAMA_HAJI3_O_XYX,E_KOMP_ASRAMA_HAJI3_O_XYX,73530,73530,3,476,50,430,newXYX
KLM,2019-09-04,17BBR006,E_PSR_BANJARBARU1,E_PSR_BANJARBARU1_O_XYX,E_PSR_BANJARBARU1_O_XYX,73531,73531,1,476,50,430,newXYX
KLM,2019-09-04,17BBR006,E_PSR_BANJARBARU2,E_PSR_BANJARBARU2_O_XYX,E_PSR_BANJARBARU2_O_XYX,73531,73531,2,476,50,430,newXYX
KLM,2019-09-04,17BBR006,E_PSR_BANJARBARU3,E_PSR_BANJARBARU3_O_XYX,E_PSR_BANJARBARU3_O_XYX,73531,73531,3,476,50,430,newXYX
KLM,2019-09-04,17BBR020,E_KOMP_WALI_KOTA1,E_KOMP_WALI_KOTA1_O_XYX,E_KOMP_WALI_KOTA1_O_XYX,73539,73539,1,476,50,430,newXYX
KLM,2019-09-04,17BBR020,E_KOMP_WALI_KOTA2,E_KOMP_WALI_KOTA2_O_XYX,E_KOMP_WALI_KOTA2_O_XYX,73539,73539,2,476,50,430,newXYX
KLM,2019-09-04,17BBR020,E_KOMP_WALI_KOTA3,E_KOMP_WALI_KOTA3_O_XYX,E_KOMP_WALI_KOTA3_O_XYX,73539,73539,3,476,50,430,newXYX
KLM,2019-09-04,17MTP026,E_BUMI_PERMATA_HIJAU1,E_BUMI_PERMATA_HIJAU1_O_XYX,E_BUMI_PERMATA_HIJAU1_O_XYX,73577,73577,1,476,50,430,newXYX
KLM,2019-09-04,17MTP026,E_BUMI_PERMATA_HIJAU2,E_BUMI_PERMATA_HIJAU2_O_XYX,E_BUMI_PERMATA_HIJAU2_O_XYX,73577,73577,2,476,50,430,newXYX
KLM,2019-09-04,17MTP026,E_BUMI_PERMATA_HIJAU3,E_BUMI_PERMATA_HIJAU3_O_XYX,E_BUMI_PERMATA_HIJAU3_O_XYX,73577,73577,3,476,50,430,newXYX
KLM,2019-09-04,17BBR008,E_CEMPAKA_BANJARBARU_TB1,E_CEMPAKA_BANJARBARU_TB1_O_XYX,E_CEMPAKA_BANJARBARU_TB1,73621,73621,1,476,50,430,newXYX
KLM,2019-09-04,17BBR008,E_CEMPAKA_BANJARBARU_TB2,E_CEMPAKA_BANJARBARU_TB2_O_XYX,E_CEMPAKA_BANJARBARU_TB2,73621,73621,2,476,50,430,newXYX
KLM,2019-09-04,17BBR008,E_CEMPAKA_BANJARBARU_TB3,E_CEMPAKA_BANJARBARU_TB3_O_XYX,E_CEMPAKA_BANJARBARU_TB3,73621,73621,3,476,50,430,newXYX
KLM,2019-09-04,17MTP012,E_MANDI_ANGIN1,E_MANDI_ANGIN1_O_XYX,E_MANDI_ANGIN1_O_XYX,73630,73630,1,476,50,430,newXYX
KLM,2019-09-04,17MTP012,E_MANDI_ANGIN2,E_MANDI_ANGIN2_O_XYX,E_MANDI_ANGIN2_O_XYX,73630,73630,2,476,50,430,newXYX
KLM,2019-09-04,17MTP012,E_MANDI_ANGIN3,E_MANDI_ANGIN3_O_XYX,E_MANDI_ANGIN3_O_XYX,73630,73630,3,476,50,430,newXYX
KLM,2019-09-04,17MRB013,E_BERANGAS_BARAT_KN1_O_XXX,E_BERANGAS_BARAT_KN1_O_XYX,E_BERANGAS_BARAT_KN1_O_XYX,73762,73762,1,476,50,430,newXYX
KLM,2019-09-04,17MRB013,E_BERANGAS_BARAT_KN2_O_XXX,E_BERANGAS_BARAT_KN2_O_XYX,E_BERANGAS_BARAT_KN2_O_XYX,73762,73762,2,476,50,430,newXYX
KLM,2019-09-04,17MRB013,E_BERANGAS_BARAT_KN3_O_XXX,E_BERANGAS_BARAT_KN3_O_XYX,E_BERANGAS_BARAT_KN3_O_XYX,73762,73762,3,476,50,430,newXYX
KLM,2019-09-04,17MTP067,E_CAHAYA_INSAN_IF1_O_XXX,E_CAHAYA_INSAN_IF1_O_XYX,E_CAHAYA_INSAN_IF1_O_XYX,73785,73785,1,476,50,430,newXYX
KLM,2019-09-04,17MTP067,E_CAHAYA_INSAN_IF2,E_CAHAYA_INSAN_IF2_O_XYX,E_CAHAYA_INSAN_IF2_O_XYX,73785,73785,2,476,50,430,newXYX
KLM,2019-09-04,17MTP067,E_CAHAYA_INSAN_IF3,E_CAHAYA_INSAN_IF3_O_XYX,E_CAHAYA_INSAN_IF3_O_XYX,73785,73785,3,476,50,430,newXYX
KLM,2019-09-04,17BRI025,E_BARABAI_SLT_PL1_O_XXX,E_BARABAI_SLT_PL1_O_XYX,E_BARABAI_SLT_PL1_O_XXX,73791,73791,1,476,50,430,newXYX
KLM,2019-09-04,17BRI025,E_BARABAI_SLT_PL2_O_XXX,E_BARABAI_SLT_PL2_O_XYX,E_BARABAI_SLT_PL2_O_XXX,73791,73791,2,476,50,430,newXYX
KLM,2019-09-04,17BRI025,E_BARABAI_SLT_PL3_O_XXX,E_BARABAI_SLT_PL3_O_XYX,E_BARABAI_SLT_PL3_O_XXX,73791,73791,3,476,50,430,newXYX
KLM,2019-09-04,17BRI023,E_DS_MANDINGIN_PL1_O_XXX,E_DS_MANDINGIN_PL1_O_XYX,E_DS_MANDINGIN_PL1_O_XXX,73795,73795,1,476,50,448,newXYX
KLM,2019-09-04,17BRI023,E_DS_MANDINGIN_PL2_O_XXX,E_DS_MANDINGIN_PL2_O_XYX,E_DS_MANDINGIN_PL2_O_XXX,73795,73795,2,476,50,448,newXYX
KLM,2019-09-04,17BRI023,E_DS_MANDINGIN_PL3_O_XXX,E_DS_MANDINGIN_PL3_O_XYX,E_DS_MANDINGIN_PL3_O_XXX,73795,73795,3,476,50,448,newXYX
KLM,2019-09-04,17BJM131,E_TAMAN_SIRING_PL1_O_XXX,E_TAMAN_SIRING_PL1_O_XYX,E_TAMAN_SIRING_PL1_O_XYX,73800,73800,1,476,50,430,newXYX
KLM,2019-09-04,17BJM131,E_TAMAN_SIRING_PL2_O_XXX,E_TAMAN_SIRING_PL2_O_XYX,E_TAMAN_SIRING_PL2_O_XYX,73800,73800,2,476,50,430,newXYX
KLM,2019-09-04,17BJM131,E_TAMAN_SIRING_PL3_O_XXX,E_TAMAN_SIRING_PL3_O_XYX,E_TAMAN_SIRING_PL3_O_XYX,73800,73800,3,476,50,430,newXYX
KLM,2019-09-04,17MTP074,E_RANTAU_NANGKA_ST1_O_XXX,E_RANTAU_NANGKA_ST1_O_XYX,E_RANTAU_NANGKA_ST1_O_XXX,73802,73802,1,476,50,430,newXYX
KLM,2019-09-04,17MTP074,E_RANTAU_NANGKA_ST2_O_XXX,E_RANTAU_NANGKA_ST2_O_XYX,E_RANTAU_NANGKA_ST2_O_XXX,73802,73802,2,476,50,430,newXYX
KLM,2019-09-04,17MTP074,E_RANTAU_NANGKA_ST3_O_XXX,E_RANTAU_NANGKA_ST3_O_XYX,E_RANTAU_NANGKA_ST3_O_XXX,73802,73802,3,476,50,430,newXYX
SMT,2019-09-04,08PAD010,E_PURUS1,E_PURUS1_O_XYX,E_PURUS1_O_XYX,50405,50405,1,476,50,430,newXYX
SMT,2019-09-04,08PAD010,E_PURUS2,E_PURUS2_O_XYX,E_PURUS2_O_XYX,50405,50405,2,476,50,430,newXYX
SMT,2019-09-04,08PAD010,E_PURUS3,E_PURUS3_O_XYX,E_PURUS3_O_XYX,50405,50405,3,476,50,430,newXYX
SMT,2019-09-04,05LBP109,T_SIGARAGARA1,T_SIGARAGARA1_O_XYX,T_SIGARAGARA1_O_XYX,51102,51102,4,3676,50,430,newXYX
SMT,2019-09-04,05LBP109,T_SIGARAGARA2,T_SIGARAGARA2_O_XYX,T_SIGARAGARA2_O_XYX,51102,51102,5,3676,50,430,newXYX
SMT,2019-09-04,05LBP109,T_SIGARAGARA3,T_SIGARAGARA3_O_XYX,T_SIGARAGARA3_O_XYX,51102,51102,6,3676,50,430,newXYX
SMT,2019-09-04,05COW004,L_MNAMOTATING1,L_MNAMOTATING1_O_XYX,L_MNAMOTATING1_O_XYX,51143,51143,1,1625,200,430,newXYX
SMT,2019-09-04,05COW004,L_MNAMOTATING2,L_MNAMOTATING2_O_XYX,L_MNAMOTATING2_O_XYX,51143,51143,2,1625,200,430,newXYX
SMT,2019-09-04,05COW004,L_MNAMOTATING3,L_MNAMOTATING3_O_XYX,L_MNAMOTATING3_O_XYX,51143,51143,3,1625,200,430,newXYX
SMT,2019-09-04,05MDN072,L_HEMERALDMDN1,L_HEMERALDMDN1_O_XYX,L_HEMERALDMDN1_O_XYX,51238,51238,1,1625,200,460,newXYX
SMT,2019-09-04,05MDN072,L_HEMERALDMDN2,L_HEMERALDMDN2_O_XYX,L_HEMERALDMDN2_O_XYX,51238,51238,2,1625,200,460,newXYX
SMT,2019-09-04,05MDN072,L_HEMERALDMDN3,L_HEMERALDMDN3_O_XYX,L_HEMERALDMDN3_O_XYX,51238,51238,3,1625,200,460,newXYX
SMT,2019-09-04,05MDN155,L_RS_PIRNGADI1,L_RS_PIRNGADI1_O_XYX,L_RS_PIRNGADI1_O_XYX,51276,51276,1,1625,200,460,newXYX
SMT,2019-09-04,05MDN155,L_RS_PIRNGADI2,L_RS_PIRNGADI2_O_XYX,L_RS_PIRNGADI2_O_XYX,51276,51276,2,1625,200,460,newXYX
SMT,2019-09-04,05MDN155,L_RS_PIRNGADI3,L_RS_PIRNGADI3_O_XYX,L_RS_PIRNGADI3_O_XYX,51276,51276,3,1625,200,460,newXYX
SMT,2019-09-04,05PSP037,L_SIOBAN1,L_SIOBAN1_O_XYX,L_SIOBAN1_O_XYX,51332,51332,1,1625,150,430,newXYX
SMT,2019-09-04,05PSP037,L_SIOBAN2,L_SIOBAN2_O_XYX,L_SIOBAN2_O_XYX,51332,51332,2,1625,150,430,newXYX
SMT,2019-09-04,05PSP037,L_SIOBAN3,L_SIOBAN3_O_XYX,L_SIOBAN3_O_XYX,51332,51332,3,1625,150,430,newXYX
SMT,2019-09-04,05PYB006,L_SIABU2,L_SIABU2_O_XYX,L_SIABU2_O_XYX,51335,51335,2,1625,150,448,newXYX
SMT,2019-09-04,05PYB006,L_SIABU3,L_SIABU3_O_XYX,L_SIABU3_O_XYX,51335,51335,3,1625,150,448,newXYX
SMT,2019-09-04,05PYB009,L_PADANG_MATINGGI1,L_PADANG_MATINGGI1_O_XYX,L_PADANG_MATINGGI1_O_XYX,51338,51338,1,1625,150,430,newXYX
SMT,2019-09-04,05PYB009,L_PADANG_MATINGGI2,L_PADANG_MATINGGI2_O_XYX,L_PADANG_MATINGGI2_O_XYX,51338,51338,2,1625,150,430,newXYX
SMT,2019-09-04,05PYB009,L_PADANG_MATINGGI3,L_PADANG_MATINGGI3_O_XYX,L_PADANG_MATINGGI3_O_XYX,51338,51338,3,1625,150,430,newXYX
SMT,2019-09-04,05PYB018,L_PYBGN_TIMUR1,L_PYBGN_TIMUR1_O_XYX,L_PYBGN_TIMUR1_O_XYX,51340,51340,1,1625,150,448,newXYX
SMT,2019-09-04,05PYB018,L_PYBGN_TIMUR2,L_PYBGN_TIMUR2_O_XYX,L_PYBGN_TIMUR2_O_XYX,51340,51340,2,1625,150,448,newXYX
SMT,2019-09-04,05PYB018,L_PYBGN_TIMUR3,L_PYBGN_TIMUR3_O_XYX,L_PYBGN_TIMUR3_O_XYX,51340,51340,3,1625,150,448,newXYX
SMT,2019-09-04,05TBT008,L_PINANG_MANCUNG1,L_PINANG_MANCUNG1_O_XYX,L_PINANG_MANCUNG1_O_XYX,51384,51384,1,1625,150,448,newXYX
SMT,2019-09-04,05TBT008,L_PINANG_MANCUNG2,L_PINANG_MANCUNG2_O_XYX,L_PINANG_MANCUNG2_O_XYX,51384,51384,2,1625,150,448,newXYX
SMT,2019-09-04,05TBT008,L_PINANG_MANCUNG3,L_PINANG_MANCUNG3_O_XYX,L_PINANG_MANCUNG3_O_XYX,51384,51384,3,1625,150,448,newXYX
SMT,2019-09-04,05TJB003,L_DS_GADING1,L_DS_GADING1_O_XYX,L_DS_GADING1_O_XYX,51390,51390,1,1625,150,448,newXYX
SMT,2019-09-04,05TJB003,L_DS_GADING2,L_DS_GADING2_O_XYX,L_DS_GADING2_O_XYX,51390,51390,2,1625,150,448,newXYX
SMT,2019-09-04,05TJB003,L_DS_GADING3,L_DS_GADING3_O_XYX,L_DS_GADING3_O_XYX,51390,51390,3,1625,150,448,newXYX
SMT,2019-09-04,05MDN302,L_DS_TERJUN1,L_DS_TERJUN1_O_XYX,L_DS_TERJUN1_O_XYX,51393,51393,1,1625,200,460,newXYX
SMT,2019-09-04,05MDN302,L_DS_TERJUN2,L_DS_TERJUN2_O_XYX,L_DS_TERJUN2_O_XYX,51393,51393,2,1625,200,460,newXYX
SMT,2019-09-04,05MDN302,L_DS_TERJUN3,L_DS_TERJUN3_O_XYX,L_DS_TERJUN3_O_XYX,51393,51393,3,1625,200,460,newXYX
SMT,2019-09-04,05LBP174,L_JOHOR_DELI1,L_JOHOR_DELI1_O_XYX,L_JOHOR_DELI1_O_XYX,51396,51396,1,1625,200,460,newXYX
SMT,2019-09-04,05LBP174,L_JOHOR_DELI2,L_JOHOR_DELI2_O_XYX,L_JOHOR_DELI2_O_XYX,51396,51396,2,1625,200,460,newXYX
SMT,2019-09-04,05LBP174,L_JOHOR_DELI3,L_JOHOR_DELI3_O_XYX,L_JOHOR_DELI3_O_XYX,51396,51396,3,1625,200,460,newXYX
SMT,2019-09-04,05LBP145,L_DALU_10B_TB1,L_DALU 10 B1_O_XYX,L_DALU 10 B1_O_XYX,51400,51400,1,1625,150,448,newXYX
SMT,2019-09-04,05LBP145,L_DALU_10B_TB2,L_DALU 10 B2_O_XYX,L_DALU 10 B2_O_XYX,51400,51400,2,1625,150,448,newXYX
SMT,2019-09-04,05LBP145,L_DALU_10B_TB3,L_DALU 10 B3_O_XYX,L_DALU 10 B3_O_XYX,51400,51400,3,1625,150,448,newXYX
SMT,2019-09-04,05STB024,L_NAMU UKUR UTR1,L_NAMU UKUR UTR1_O_XYX,L_NAMU UKUR UTR1_O_XYX,51408,51408,1,1625,200,460,newXYX
SMT,2019-09-04,05STB024,L_NAMU UKUR UTR2,L_NAMU UKUR UTR2_O_XYX,L_NAMU UKUR UTR2_O_XYX,51408,51408,2,1625,200,460,newXYX
SMT,2019-09-04,05STB024,L_NAMU UKUR UTR3,L_NAMU UKUR UTR3_O_XYX,L_NAMU UKUR UTR3_O_XYX,51408,51408,3,1625,200,460,newXYX
SMT,2019-09-04,05STB025,L_PSR4 KWALA MENCIRIM1,L_PSR4 KWALA MENCIRIM1_O_XYX,L_PSR4 KWALA MENCIRIM1,51410,51410,1,1625,200,460,newXYX
SMT,2019-09-04,05STB025,L_PSR4 KWALA MENCIRIM2,L_PSR4 KWALA MENCIRIM2_O_XYX,L_PSR4 KWALA MENCIRIM2,51410,51410,2,1625,200,460,newXYX
SMT,2019-09-04,05STB025,L_PSR4 KWALA MENCIRIM3,L_PSR4 KWALA MENCIRIM3_O_XYX,L_PSR4 KWALA MENCIRIM3,51410,51410,3,1625,200,460,newXYX
SMT,2019-09-04,05PMR023,L_JL_DESAINDAH_TB1,L_JL_DESAINDAH_TB1_O_XYX,L_JL_DESAINDAH_TB1_O_XYX,51413,51413,1,1625,150,448,newXYX
SMT,2019-09-04,05PMR023,L_JL_DESAINDAH_TB2,L_JL_DESAINDAH_TB2_O_XYX,L_JL_DESAINDAH_TB2_O_XYX,51413,51413,2,1625,150,448,newXYX
SMT,2019-09-04,05PMR023,L_JL_DESAINDAH_TB3,L_JL_DESAINDAH_TB3_O_XYX,L_JL_DESAINDAH_TB3_O_XYX,51413,51413,3,1625,150,448,newXYX
SMT,2019-09-04,05PDS008,L_TANO_BATO1,L_TANO_BATO1_O_XYX,L_TANO_BATO1_O_XYX,51415,51415,1,1625,150,448,newXYX
SMT,2019-09-04,05PDS008,L_TANO_BATO2,L_TANO_BATO2_O_XYX,L_TANO_BATO2_O_XYX,51415,51415,2,1625,150,448,newXYX
SMT,2019-09-04,05PDS008,L_TANO_BATO3,L_TANO_BATO3_O_XYX,L_TANO_BATO3_O_XYX,51415,51415,3,1625,150,448,newXYX
SMT,2019-09-04,05LBP173,L_KUIS_MORAWA1,L_KUIS_MORAWA1_O_XYX,L_KUIS_MORAWA1,51416,51416,1,1625,150,448,newXYX
SMT,2019-09-04,05LBP173,L_KUIS_MORAWA2,L_KUIS_MORAWA2_O_XYX,L_KUIS_MORAWA2,51416,51416,2,1625,150,448,newXYX
SMT,2019-09-04,05LBP173,L_KUIS_MORAWA3,L_KUIS_MORAWA3_O_XYX,L_KUIS_MORAWA3,51416,51416,3,1625,150,448,newXYX
SMT,2019-09-04,05PMR024,L_SIANTAR MARIH1,L_SIANTAR MARIH1_O_XYX,L_SIANTAR MARIH1,51419,51419,1,1625,150,448,newXYX
SMT,2019-09-04,05PMR024,L_SIANTAR MARIH2,L_SIANTAR MARIH2_O_XYX,L_SIANTAR MARIH2,51419,51419,2,1625,150,448,newXYX
SMT,2019-09-04,05PMR024,L_SIANTAR MARIH3,L_SIANTAR MARIH3_O_XYX,L_SIANTAR MARIH3,51419,51419,3,1625,150,448,newXYX
SMT,2019-09-04,05PMR026,L_RAMBUNG MERAH1,L_RAMBUNG MERAH1_O_XYX,L_RAMBUNG MERAH1_O_XYX,51420,51420,1,1625,150,448,newXYX
SMT,2019-09-04,05PMR026,L_RAMBUNG MERAH2,L_RAMBUNG MERAH2_O_XYX,L_RAMBUNG MERAH2_O_XYX,51420,51420,2,1625,150,448,newXYX
SMT,2019-09-04,05PMR026,L_RAMBUNG MERAH3,L_RAMBUNG MERAH3_O_XYX,L_RAMBUNG MERAH3_O_XYX,51420,51420,3,1625,150,448,newXYX
SMT,2019-09-04,05MDN370,L_LAB DELI1,L_LAB DELI1_O_XYX,L_LAB DELI1_O_XYX,51421,51421,1,1625,200,460,newXYX
SMT,2019-09-04,05MDN370,L_LAB DELI2,L_LAB DELI2_O_XYX,L_LAB DELI2_O_XYX,51421,51421,2,1625,200,460,newXYX
SMT,2019-09-04,05MDN370,L_LAB DELI3,L_LAB DELI3_O_XYX,L_LAB DELI3_O_XYX,51421,51421,3,1625,200,460,newXYX
SMT,2019-09-04,05LBP150,L_MEDAN SENEMBAH1,L_MEDAN SENEMBAH1_O_XYX,L_MEDAN SENEMBAH1_O_XYX,51422,51422,1,1625,150,448,newXYX
SMT,2019-09-04,05LBP150,L_MEDAN SENEMBAH2,L_MEDAN SENEMBAH2_O_XYX,L_MEDAN SENEMBAH2_O_XYX,51422,51422,2,1625,150,448,newXYX
SMT,2019-09-04,05LBP150,L_MEDAN SENEMBAH3,L_MEDAN SENEMBAH3_O_XYX,L_MEDAN SENEMBAH3_O_XYX,51422,51422,3,1625,150,448,newXYX
SMT,2019-09-04,05PDS009,L_AEK_TUHUL1,L_AEK_TUHUL1_O_XYX,L_AEK_TUHUL1_O_XYX,51429,51429,1,1625,150,448,newXYX
SMT,2019-09-04,05PDS009,L_AEK_TUHUL2,L_AEK_TUHUL2_O_XYX,L_AEK_TUHUL2_O_XYX,51429,51429,2,1625,150,448,newXYX
SMT,2019-09-04,05PDS009,L_AEK_TUHUL3,L_AEK_TUHUL3_O_XYX,L_AEK_TUHUL3_O_XYX,51429,51429,3,1625,150,448,newXYX
SMT,2019-09-04,05TJB006,L_DS_KAPIAS1,L_DS_KAPIAS1_O_XYX,L_DS_KAPIAS1_O_XYX,51439,51439,1,1625,150,448,newXYX
SMT,2019-09-04,05TJB006,L_DS_KAPIAS2,L_DS_KAPIAS2_O_XYX,L_DS_KAPIAS2_O_XYX,51439,51439,2,1625,150,448,newXYX
SMT,2019-09-04,05TJB006,L_DS_KAPIAS3,L_DS_KAPIAS3_O_XYX,L_DS_KAPIAS3_O_XYX,51439,51439,3,1625,150,448,newXYX
SMT,2019-09-04,05RAP024,L_RANTAU_UTARA1,L_RANTAU_UTARA1_O_XYX,L_RANTAU_UTARA1_O_XYX,51440,51440,1,1625,150,448,newXYX
SMT,2019-09-04,05RAP024,L_RANTAU_UTARA2,L_RANTAU_UTARA2_O_XYX,L_RANTAU_UTARA2_O_XYX,51440,51440,2,1625,150,448,newXYX
SMT,2019-09-04,05RAP024,L_RANTAU_UTARA3,L_RANTAU_UTARA3_O_XYX,L_RANTAU_UTARA3_O_XYX,51440,51440,3,1625,150,448,newXYX
SMT,2019-09-04,05MDN261,L_SRI_BULAN1,L_SRI_BULAN1_O_XYX,L_SRI_BULAN1_O_XYX,51441,51441,1,1625,150,448,newXYX
SMT,2019-09-04,05MDN261,L_SRI_BULAN2,L_SRI_BULAN2_O_XYX,L_SRI_BULAN2_O_XYX,51441,51441,2,1625,150,448,newXYX
SMT,2019-09-04,05MDN261,L_SRI_BULAN3,L_SRI_BULAN3_O_XYX,L_SRI_BULAN3_O_XYX,51441,51441,3,1625,150,448,newXYX
SMT,2019-09-04,05PYB027,L_PIDOLI_DOLOK1,L_PIDOLI_DOLOK1_O_XYX,L_PIDOLI_DOLOK1_O_XYX,51447,51447,1,1625,150,448,newXYX
SMT,2019-09-04,05PYB027,L_PIDOLI_DOLOK2,L_PIDOLI_DOLOK2_O_XYX,L_PIDOLI_DOLOK2_O_XYX,51447,51447,2,1625,150,448,newXYX
SMT,2019-09-04,05PYB027,L_PIDOLI_DOLOK3,L_PIDOLI_DOLOK3_O_XYX,L_PIDOLI_DOLOK3_O_XYX,51447,51447,3,1625,150,448,newXYX
SMT,2019-09-04,05KIS026,L_DS_MUTIARA1,L_DS_MUTIARA1_O_XYX,L_DS_MUTIARA1_O_XYX,51450,51450,1,1625,150,448,newXYX
SMT,2019-09-04,05KIS026,L_DS_MUTIARA2,L_DS_MUTIARA2_O_XYX,L_DS_MUTIARA2_O_XYX,51450,51450,2,1625,150,448,newXYX
SMT,2019-09-04,05KIS026,L_DS_MUTIARA3,L_DS_MUTIARA3_O_XYX,L_DS_MUTIARA3_O_XYX,51450,51450,3,1625,150,448,newXYX
SMT,2019-09-04,05KIS026,T_DS_MUTIARA1,T_DS_MUTIARA_PL1_XYX,T_DS_MUTIARA_PL1_XYX,51450,51450,4,3676,50,430,newXYX
SMT,2019-09-04,05KIS026,T_DS_MUTIARA2,T_DS_MUTIARA_PL2_XYX,T_DS_MUTIARA_PL2_XYX,51450,51450,5,3676,50,430,newXYX
SMT,2019-09-04,05KIS026,T_DS_MUTIARA3,T_DS_MUTIARA_PL3_XYX,T_DS_MUTIARA_PL3_XYX,51450,51450,6,3676,50,430,newXYX
SMT,2019-09-04,05BJI010,L_JATI_MAKMUR_BJI1,L_JATI_MAKMUR_BJI1_O_XYX,L_JATI_MAKMUR_BJI1_O_XYX,51455,51455,1,1625,200,448,newXYX
SMT,2019-09-04,05BJI010,L_JATI_MAKMUR_BJI2,L_JATI_MAKMUR_BJI2_O_XYX,L_JATI_MAKMUR_BJI2_O_XYX,51455,51455,2,1625,200,448,newXYX
SMT,2019-09-04,05BJI010,L_JATI_MAKMUR_BJI3,L_JATI_MAKMUR_BJI3_O_XYX,L_JATI_MAKMUR_BJI3_O_XYX,51455,51455,3,1625,200,448,newXYX
SMT,2019-09-04,05TBT010,L_LEUSER_GT1,L_LEUSER_GT1_O_XYX,L_LEUSER_GT1_O_XYX,51459,51459,1,1625,150,448,newXYX
SMT,2019-09-04,05TBT010,L_LEUSER_GT2,L_LEUSER_GT2_O_XYX,L_LEUSER_GT2_O_XYX,51459,51459,2,1625,150,448,newXYX
SMT,2019-09-04,05TBT010,L_LEUSER_GT3,L_LEUSER_GT3_O_XYX,L_LEUSER_GT3_O_XYX,51459,51459,3,1625,150,448,newXYX
SMT,2019-09-04,05PMR070,L_TG_TONGAH1,L_TG_TONGAH1_O_XYX,L_TG_TONGAH1_O_XYX,51464,51464,1,1625,150,448,newXYX
SMT,2019-09-04,05PMR070,L_TG_TONGAH2,L_TG_TONGAH2_O_XYX,L_TG_TONGAH2_O_XYX,51464,51464,2,1625,150,448,newXYX
SMT,2019-09-04,05PMR070,L_TG_TONGAH3,L_TG_TONGAH3_O_XYX,L_TG_TONGAH3_O_XYX,51464,51464,3,1625,150,448,newXYX
SMT,2019-09-04,05PYB029,L_HUTABARGOT1,L_HUTABARGOT1_O_XYX,L_HUTABARGOT1_O_XYX,51465,51465,1,1625,150,448,newXYX
SMT,2019-09-04,05PYB029,L_HUTABARGOT2,L_HUTABARGOT2_O_XYX,L_HUTABARGOT2_O_XYX,51465,51465,2,1625,150,448,newXYX
SMT,2019-09-04,05PYB029,L_HUTABARGOT3,L_HUTABARGOT3_O_XYX,L_HUTABARGOT3_O_XYX,51465,51465,3,1625,150,448,newXYX
SMT,2019-09-04,05PMR056,L_MARIHAT_BARIS1,L_MARIHAT_BARIS1_O_XYX,L_MARIHAT_BARIS1_O_XYX,51466,51466,1,1625,150,448,newXYX
SMT,2019-09-04,05PMR056,L_MARIHAT_BARIS2,L_MARIHAT_BARIS2_O_XYX,L_MARIHAT_BARIS2_O_XYX,51466,51466,2,1625,150,448,newXYX
SMT,2019-09-04,05PMR056,L_MARIHAT_BARIS3,L_MARIHAT_BARIS3_O_XYX,L_MARIHAT_BARIS3_O_XYX,51466,51466,3,1625,150,448,newXYX
SMT,2019-09-04,05STB069,L_BEKULAP1,L_BEKULAP1_O_XYX,L_BEKULAP1_O_XYX,51469,51469,1,1625,200,460,newXYX
SMT,2019-09-04,05STB069,L_BEKULAP2,L_BEKULAP2_O_XYX,L_BEKULAP2_O_XYX,51469,51469,2,1625,200,460,newXYX
SMT,2019-09-04,05STB069,L_BEKULAP3,L_BEKULAP3_O_XYX,L_BEKULAP3_O_XYX,51469,51469,3,1625,200,460,newXYX
SMT,2019-09-04,05TJB007,L_DS_SIAMBI1,L_DS_SIAMBI1_O_XYX,L_DS_SIAMBI1_O_XYX,51476,51476,1,1625,150,448,newXYX
SMT,2019-09-04,05TJB007,L_DS_SIAMBI2,L_DS_SIAMBI2_O_XYX,L_DS_SIAMBI2_O_XYX,51476,51476,2,1625,150,448,newXYX
SMT,2019-09-04,05TJB007,L_DS_SIAMBI3,L_DS_SIAMBI3_O_XYX,L_DS_SIAMBI3_O_XYX,51476,51476,3,1625,150,448,newXYX
SMT,2019-09-04,05LBP194,L_DS_LIMAU_MANIS1,L_DS_LIMAU_MANIS1_O_XYX,L_DS_LIMAU_MANIS1_O_XYX,51479,51479,1,1625,150,448,newXYX
SMT,2019-09-04,05LBP194,L_DS_LIMAU_MANIS2,L_DS_LIMAU_MANIS2_O_XYX,L_DS_LIMAU_MANIS2_O_XYX,51479,51479,2,1625,150,448,newXYX
SMT,2019-09-04,05LBP194,L_DS_LIMAU_MANIS3,L_DS_LIMAU_MANIS3_O_XYX,L_DS_LIMAU_MANIS3_O_XYX,51479,51479,3,1625,150,448,newXYX
SMT,2019-09-04,05KIS069,L_SIPARE_PARE1,L_SIPARE_PARE1_O_XYX,L_SIPARE_PARE1_O_XYX,51480,51480,1,1625,150,448,newXYX
SMT,2019-09-04,05KIS069,L_SIPARE_PARE2,L_SIPARE_PARE2_O_XYX,L_SIPARE_PARE2_O_XYX,51480,51480,2,1625,150,448,newXYX
SMT,2019-09-04,05KIS069,L_SIPARE_PARE3,L_SIPARE_PARE3_O_XYX,L_SIPARE_PARE3_O_XYX,51480,51480,3,1625,150,448,newXYX
SMT,2019-09-04,05LBP198,L_NAMORIH1_O_XXX,L_NAMORIH1_O_XYX,L_NAMORIH1_O_XYX,51482,51482,1,1625,200,460,newXYX
SMT,2019-09-04,05LBP198,L_NAMORIH2_O_XXX,L_NAMORIH2_O_XYX,L_NAMORIH2_O_XYX,51482,51482,2,1625,200,460,newXYX
SMT,2019-09-04,05LBP198,L_NAMORIH3_O_XXX,L_NAMORIH3_O_XYX,L_NAMORIH3_O_XYX,51482,51482,3,1625,200,460,newXYX
SMT,2019-09-04,05RAP067,L_KEBUN_LONDUT1,L_KEBUN_LONDUT1_O_XYX,L_KEBUN_LONDUT1_O_XYX,51488,51488,1,1625,150,448,newXYX
SMT,2019-09-04,05RAP067,L_KEBUN_LONDUT2,L_KEBUN_LONDUT2_O_XYX,L_KEBUN_LONDUT2_O_XYX,51488,51488,2,1625,150,448,newXYX
SMT,2019-09-04,05RAP067,L_KEBUN_LONDUT3,L_KEBUN_LONDUT3_O_XYX,L_KEBUN_LONDUT3_O_XYX,51488,51488,3,1625,150,448,newXYX
SMT,2019-09-04,05MDN257,L_PERUM_SIMALINGKAR_TB1,L_PERUM_SIMALINGKAR_TB1_O_XYX,L_PERUM_SIMALINGKAR_TB1_O_XYX,51498,51498,1,1625,150,448,newXYX
SMT,2019-09-04,05MDN257,L_PERUM_SIMALINGKAR_TB2,L_PERUM_SIMALINGKAR_TB2_O_XYX,L_PERUM_SIMALINGKAR_TB2_O_XYX,51498,51498,2,1625,150,448,newXYX
SMT,2019-09-04,05MDN257,L_PERUM_SIMALINGKAR_TB3_O_XXX,L_PERUM_SIMALINGKAR_TB3_O_XYX,L_PERUM_SIMALINGKAR_TB3_O_XYX,51498,51498,3,1625,150,448,newXYX
SMT,2019-09-04,05KIS074,L_KEDAI_LEDANG1,L_KEDAI_LEDANG1_O_XYX,L_KEDAI_LEDANG1_O_XYX,51499,51499,1,1625,150,448,newXYX
SMT,2019-09-04,05KIS074,L_KEDAI_LEDANG2,L_KEDAI_LEDANG2_O_XYX,L_KEDAI_LEDANG2_O_XYX,51499,51499,2,1625,150,448,newXYX
SMT,2019-09-04,05KIS074,L_KEDAI_LEDANG3,L_KEDAI_LEDANG3_O_XYX,L_KEDAI_LEDANG3_O_XYX,51499,51499,3,1625,150,448,newXYX
SMT,2019-09-04,05LBP200,L_SAMPALI1,L_SAMPALI1_O_XYX,L_SAMPALI1_O_XYX,51501,51501,1,1625,150,448,newXYX
SMT,2019-09-04,05LBP200,L_SAMPALI2,L_SAMPALI2_O_XYX,L_SAMPALI2_O_XYX,51501,51501,2,1625,150,448,newXYX
SMT,2019-09-04,05LBP200,L_SAMPALI3,L_SAMPALI3_O_XYX,L_SAMPALI3_O_XYX,51501,51501,3,1625,150,448,newXYX
SMT,2019-09-04,05LBP203,L_UINSU_ST1,L_UINSU_ST1_O_XYX,L_UINSU_ST1_O_XYX,51502,51502,1,1625,200,460,newXYX
SMT,2019-09-04,05LBP203,L_UINSU_ST2,L_UINSU_ST2_O_XYX,L_UINSU_ST2_O_XYX,51502,51502,2,1625,200,460,newXYX
SMT,2019-09-04,05LBP203,L_UINSU_ST3,L_UINSU_ST3_O_XYX,L_UINSU_ST3_O_XYX,51502,51502,3,1625,200,460,newXYX
SMT,2019-09-04,05RAP069,L_AIK_PAING_TENGAH1,L_AIK_PAING_TENGAH1_O_XYX,L_AIK_PAING_TENGAH1_O_XYX,51503,51503,1,1625,150,448,newXYX
SMT,2019-09-04,05RAP069,L_AIK_PAING_TENGAH2,L_AIK_PAING_TENGAH2_O_XYX,L_AIK_PAING_TENGAH2_O_XYX,51503,51503,2,1625,150,448,newXYX
SMT,2019-09-04,05RAP069,L_AIK_PAING_TENGAH3,L_AIK_PAING_TENGAH3_O_XYX,L_AIK_PAING_TENGAH3_O_XYX,51503,51503,3,1625,150,448,newXYX
SMT,2019-09-04,05MDN139,L_JLGAHARU1,L_JLGAHARU1_O_XYX,L_JLGAHARU1_O_XYX,51504,51504,1,1625,150,448,newXYX
SMT,2019-09-04,05MDN139,L_JLGAHARU2,L_JLGAHARU2_O_XYX,L_JLGAHARU2_O_XYX,51504,51504,2,1625,150,448,newXYX
SMT,2019-09-04,05MDN139,L_JLGAHARU3,L_JLGAHARU3_O_XYX,L_JLGAHARU3_O_XYX,51504,51504,3,1625,150,448,newXYX
SMT,2019-09-04,05LBP202,L_PEMATANG_JOHAR_TB1,L_PEMATANG_JOHAR_TB1_O_XYX,L_PEMATANG_JOHAR_TB1_O_XYX,51505,51505,1,1625,200,460,newXYX
SMT,2019-09-04,05LBP202,L_PEMATANG_JOHAR_TB2,L_PEMATANG_JOHAR_TB2_O_XYX,L_PEMATANG_JOHAR_TB2_O_XYX,51505,51505,2,1625,200,460,newXYX
SMT,2019-09-04,05LBP202,L_PEMATANG_JOHAR_TB3,L_PEMATANG_JOHAR_TB3_O_XYX,L_PEMATANG_JOHAR_TB3_O_XYX,51505,51505,3,1625,200,460,newXYX
SMT,2019-09-04,05LBP204,L_DUSUN17_TBAYAN1,L_DUSUN17_TBAYAN1_O_XYX,L_DUSUN17_TBAYAN1_O_XYX,51506,51506,1,1625,150,448,newXYX
SMT,2019-09-04,05LBP204,L_DUSUN17_TBAYAN2,L_DUSUN17_TBAYAN2_O_XYX,L_DUSUN17_TBAYAN2_O_XYX,51506,51506,2,1625,150,448,newXYX
SMT,2019-09-04,05LBP204,L_DUSUN17_TBAYAN3,L_DUSUN17_TBAYAN3_O_XYX,L_DUSUN17_TBAYAN3_O_XYX,51506,51506,3,1625,150,448,newXYX
SMT,2019-09-04,05LBP201,L_TG_GARBUS_SATU1,L_TG_GARBUS_SATU1_O_XYX,L_TG_GARBUS_SATU1_O_XYX,51507,51507,1,1625,150,448,newXYX
SMT,2019-09-04,05LBP201,L_TG_GARBUS_SATU2,L_TG_GARBUS_SATU2_O_XYX,L_TG_GARBUS_SATU2_O_XYX,51507,51507,2,1625,150,448,newXYX
SMT,2019-09-04,05LBP201,L_TG_GARBUS_SATU3,L_TG_GARBUS_SATU3_O_XYX,L_TG_GARBUS_SATU3_O_XYX,51507,51507,3,1625,150,448,newXYX
SMT,2019-09-04,05STB078,L_CINTA_RAJA_CM1,L_CINTA_RAJA_CM1_O_XYX,L_CINTA_RAJA_CM1,51508,51508,1,1625,200,460,newXYX
SMT,2019-09-04,05STB078,L_CINTA_RAJA_CM2,L_CINTA_RAJA_CM2_O_XYX,L_CINTA_RAJA_CM2,51508,51508,2,1625,200,460,newXYX
SMT,2019-09-04,05STB078,L_CINTA_RAJA_CM3,L_CINTA_RAJA_CM3_O_XYX,L_CINTA_RAJA_CM3,51508,51508,3,1625,200,460,newXYX
SMT,2019-09-04,05PMR074,L_BAH_SORMA1,L_BAH_SORMA1_O_XYX,L_BAH_SORMA1,51513,51513,1,1625,150,448,newXYX
SMT,2019-09-04,05PMR074,L_BAH_SORMA2,L_BAH_SORMA2_O_XYX,L_BAH_SORMA2,51513,51513,2,1625,150,448,newXYX
SMT,2019-09-04,05PMR074,L_BAH_SORMA3,L_BAH_SORMA3_O_XYX,L_BAH_SORMA3,51513,51513,3,1625,150,448,newXYX
SMT,2019-09-04,05LBP051,E_TAMPAK_BAYAN_ST1,E_TAMPAK_BAYAN_ST1_O_XYX,E_TAMPAK_BAYAN_ST1_O_XYX,51671,51671,1,500,100,430,newXYX
SMT,2019-09-04,05LBP051,E_TAMPAK_BAYAN_ST2,E_TAMPAK_BAYAN_ST2_O_XYX,E_TAMPAK_BAYAN_ST2_O_XYX,51671,51671,2,500,100,430,newXYX
SMT,2019-09-04,05LBP051,E_TAMPAK_BAYAN_ST3,E_TAMPAK_BAYAN_ST3_O_XYX,E_TAMPAK_BAYAN_ST3_O_XYX,51671,51671,3,500,100,430,newXYX
SMT,2019-09-04,07TJG004,T_PINANG_BTM1,T_PINANG_BTM1_O_XYX,T_PINANG_BTM1_O_XYX,52066,52066,4,3676,50,430,newXYX
SMT,2019-09-04,07TJG004,T_PINANG_BTM2,T_PINANG_BTM2_O_XYX,T_PINANG_BTM2_O_XYX,52066,52066,5,3676,50,430,newXYX
SMT,2019-09-04,07TJG004,T_PINANG_BTM3,T_PINANG_BTM3_O_XYX,T_PINANG_BTM3_O_XYX,52066,52066,6,3676,50,430,newXYX
SMT,2019-09-04,06PBR030,E_SPGBINGUNG1,E_SPGBINGUNG1_O_XYX,E_SPGBINGUNG1_O_XYX,53320,53320,1,500,100,430,newXYX
SMT,2019-09-04,06PBR030,E_SPGBINGUNG2,E_SPGBINGUNG2_O_XYX,E_SPGBINGUNG2_O_XYX,53320,53320,2,500,100,430,newXYX
SMT,2019-09-04,06PBR030,E_SPGBINGUNG3,E_SPGBINGUNG3_O_XYX,E_SPGBINGUNG3_O_XYX,53320,53320,3,500,100,430,newXYX
SMT,2019-09-04,04SKL004,T_RIMO_SINGKIL1,T_RIMO_SINGKIL1_O_XYX,T_RIMO_SINGKIL1_O_XYX,54200,54200,1,3676,50,430,newXYX
SMT,2019-09-04,04SKL004,T_RIMO_SINGKIL2,T_RIMO_SINGKIL2_O_XYX,T_RIMO_SINGKIL2_O_XYX,54200,54200,2,3676,50,430,newXYX
SMT,2019-09-04,04SKL004,T_RIMO_SINGKIL3,T_RIMO_SINGKIL3_O_XYX,T_RIMO_SINGKIL3_O_XYX,54200,54200,3,3676,50,430,newXYX
SMT,2019-09-04,05TJB003,E_DS_GADING1,E_DS_GADING1_O_XYX,E_DS_GADING1,55190,55190,1,476,50,430,newXYX
SMT,2019-09-04,05TJB003,E_DS_GADING2,E_DS_GADING2_O_XYX,E_DS_GADING2,55190,55190,2,476,50,430,newXYX
SMT,2019-09-04,05TJB003,E_DS_GADING3,E_DS_GADING3_O_XYX,E_DS_GADING3,55190,55190,3,476,50,430,newXYX
SMT,2019-09-04,05MDN302,E_DS_TERJUN1_O_XXX,E_DS_TERJUN1_O_XYX,E_DS_TERJUN1_O_XYX,55193,55193,1,500,100,430,newXYX
SMT,2019-09-04,05MDN302,E_DS_TERJUN2_O_XXX,E_DS_TERJUN2_O_XYX,E_DS_TERJUN2_O_XYX,55193,55193,2,500,100,430,newXYX
SMT,2019-09-04,05MDN302,E_DS_TERJUN3_O_XXX,E_DS_TERJUN3_O_XYX,E_DS_TERJUN3_O_XYX,55193,55193,3,500,100,430,newXYX
SMT,2019-09-04,05LBP174,E_JOHOR_DELI1_O_XXX,E_JOHOR_DELI1_O_XYX,E_JOHOR_DELI1_O_XYX,55196,55196,1,500,100,430,newXYX
SMT,2019-09-04,05LBP174,E_JOHOR_DELI2_O_XXX,E_JOHOR_DELI2_O_XYX,E_JOHOR_DELI2_O_XYX,55196,55196,2,500,100,430,newXYX
SMT,2019-09-04,05LBP174,E_JOHOR_DELI3_O_XXX,E_JOHOR_DELI3_O_XYX,E_JOHOR_DELI3_O_XYX,55196,55196,3,500,100,430,newXYX
SMT,2019-09-04,05LBP145,E_DALU 10 B1_O_XXX,E_DALU 10 B1_O_XYX,E_DALU 10 B1_O_XYX,55200,55200,1,476,50,430,newXYX
SMT,2019-09-04,05LBP145,E_DALU 10 B2_O_XXX,E_DALU 10 B2_O_XYX,E_DALU 10 B2_O_XYX,55200,55200,2,476,50,430,newXYX
SMT,2019-09-04,05LBP145,E_DALU 10 B3_O_XXX,E_DALU 10 B3_O_XYX,E_DALU 10 B3_O_XYX,55200,55200,3,476,50,430,newXYX
SMT,2019-09-04,05STB023,E_PAYA JAMBU1,E_PAYA JAMBU1_O_XYX,E_PAYA JAMBU1,55207,55207,1,500,100,430,newXYX
SMT,2019-09-04,05STB023,E_PAYA JAMBU2,E_PAYA JAMBU2_O_XYX,E_PAYA JAMBU2,55207,55207,2,500,100,430,newXYX
SMT,2019-09-04,05STB023,E_PAYA JAMBU3,E_PAYA JAMBU3_O_XYX,E_PAYA JAMBU3,55207,55207,3,500,100,430,newXYX
SMT,2019-09-04,05STB025,E_PSR4 KWALA MENCIRIM1_O_XXX,E_PSR4 KWALA MENCIRIM1_O_XYX,E_PSR4 KWALA MENCIRIM1,55210,55210,1,500,100,430,newXYX
SMT,2019-09-04,05STB025,E_PSR4 KWALA MENCIRIM2_O_XXX,E_PSR4 KWALA MENCIRIM2_O_XYX,E_PSR4 KWALA MENCIRIM2,55210,55210,2,500,100,430,newXYX
SMT,2019-09-04,05STB025,E_PSR4 KWALA MENCIRIM3_O_XXX,E_PSR4 KWALA MENCIRIM3_O_XYX,E_PSR4 KWALA MENCIRIM3,55210,55210,3,500,100,430,newXYX
SMT,2019-09-04,05PMR023,E_JL_DESAINDAH1_O_XXX,E_JL_DESAINDAH1_O_XYX,E_JL_DESAINDAH1_O_XYX,55213,55213,1,476,50,430,newXYX
SMT,2019-09-04,05PMR023,E_JL_DESAINDAH2_O_XXX,E_JL_DESAINDAH2_O_XYX,E_JL_DESAINDAH2_O_XYX,55213,55213,2,476,50,430,newXYX
SMT,2019-09-04,05PMR023,E_JL_DESAINDAH3_O_XXX,E_JL_DESAINDAH3_O_XYX,E_JL_DESAINDAH3_O_XYX,55213,55213,3,476,50,430,newXYX
SMT,2019-09-04,05LBP173,E_KUIS_MORAWA1_O_XXX,E_KUIS_MORAWA1_O_XYX,E_KUIS_MORAWA1,55216,55216,1,476,50,430,newXYX
SMT,2019-09-04,05LBP173,E_KUIS_MORAWA2_O_XXX,E_KUIS_MORAWA2_O_XYX,E_KUIS_MORAWA2,55216,55216,2,476,50,430,newXYX
SMT,2019-09-04,05LBP173,E_KUIS_MORAWA3_O_XXX,E_KUIS_MORAWA3_O_XYX,E_KUIS_MORAWA3,55216,55216,3,476,50,430,newXYX
SMT,2019-09-04,05PMR026,E_RAMBUNG MERAH1,E_RAMBUNG MERAH1_O_XYX,E_RAMBUNG MERAH1_O_XYX,55220,55220,1,476,50,430,newXYX
SMT,2019-09-04,05PMR026,E_RAMBUNG MERAH2,E_RAMBUNG MERAH2_O_XYX,E_RAMBUNG MERAH2_O_XYX,55220,55220,2,476,50,430,newXYX
SMT,2019-09-04,05PMR026,E_RAMBUNG MERAH3,E_RAMBUNG MERAH3_O_XYX,E_RAMBUNG MERAH3_O_XYX,55220,55220,3,476,50,430,newXYX
SMT,2019-09-04,05MDN370,E_LAB DELI1,E_LAB DELI1_O_XYX,E_LAB DELI1_O_XYX,55221,55221,1,500,100,430,newXYX
SMT,2019-09-04,05MDN370,E_LAB DELI2,E_LAB DELI2_O_XYX,E_LAB DELI2_O_XYX,55221,55221,2,500,100,430,newXYX
SMT,2019-09-04,05MDN370,E_LAB DELI3,E_LAB DELI3_O_XYX,E_LAB DELI3_O_XYX,55221,55221,3,500,100,430,newXYX
SMT,2019-09-04,05LBP150,E_MEDAN SENEMBAH1,E_MEDAN SENEMBAH1_O_XYX,E_MEDAN SENEMBAH1_O_XYX,55222,55222,1,476,50,430,newXYX
SMT,2019-09-04,05LBP150,E_MEDAN SENEMBAH2,E_MEDAN SENEMBAH2_O_XYX,E_MEDAN SENEMBAH2_O_XYX,55222,55222,2,476,50,430,newXYX
SMT,2019-09-04,05LBP150,E_MEDAN SENEMBAH3,E_MEDAN SENEMBAH3_O_XYX,E_MEDAN SENEMBAH3_O_XYX,55222,55222,3,476,50,430,newXYX
SMT,2019-09-04,05TJB006,E_DS_KAPIAS1_O_XXX,E_DS_KAPIAS1_O_XYX,E_DS_KAPIAS1_O_XYX,55239,55239,1,476,50,430,newXYX
SMT,2019-09-04,05TJB006,E_DS_KAPIAS2_O_XXX,E_DS_KAPIAS2_O_XYX,E_DS_KAPIAS2_O_XYX,55239,55239,2,476,50,430,newXYX
SMT,2019-09-04,05TJB006,E_DS_KAPIAS3_O_XXX,E_DS_KAPIAS3_O_XYX,E_DS_KAPIAS3_O_XYX,55239,55239,3,476,50,430,newXYX
SMT,2019-09-04,05STB072,E_DALAN_NAMAN1_O_XXX,E_DALAN_NAMAN1_O_XYX,E_DALAN_NAMAN1_O_XXX,55286,55286,1,500,100,430,newXYX
SMT,2019-09-04,05STB072,E_DALAN_NAMAN2_O_XXX,E_DALAN_NAMAN2_O_XYX,E_DALAN_NAMAN2_O_XXX,55286,55286,2,500,100,430,newXYX
SMT,2019-09-04,05STB072,E_DALAN_NAMAN3_O_XXX,E_DALAN_NAMAN3_O_XYX,E_DALAN_NAMAN3_O_XXX,55286,55286,3,500,100,430,newXYX
SMT,2019-09-04,05KIS026,E_DS_MUTIARA1_O_XXX,E_DS_MUTIARA1_O_XYX,E_DS_MUTIARA1,55350,55350,1,476,50,430,newXYX
SMT,2019-09-04,05KIS026,E_DS_MUTIARA2_O_XXX,E_DS_MUTIARA2_O_XYX,E_DS_MUTIARA2,55350,55350,2,476,50,430,newXYX
SMT,2019-09-04,05KIS026,E_DS_MUTIARA3_O_XXX,E_DS_MUTIARA3_O_XYX,E_DS_MUTIARA3,55350,55350,3,476,50,430,newXYX
SMT,2019-09-04,05BJI010,E_JATI_MAKMUR_BJI1_O_XXX,E_JATI_MAKMUR_BJI1_O_XYX,E_JATI_MAKMUR_BJI1_O_XYX,55355,55355,1,476,50,430,newXYX
SMT,2019-09-04,05BJI010,E_JATI_MAKMUR_BJI2_O_XXX,E_JATI_MAKMUR_BJI2_O_XYX,E_JATI_MAKMUR_BJI2_O_XYX,55355,55355,2,476,50,430,newXYX
SMT,2019-09-04,05BJI010,E_JATI_MAKMUR_BJI3_O_XXX,E_JATI_MAKMUR_BJI3_O_XYX,E_JATI_MAKMUR_BJI3_O_XYX,55355,55355,3,476,50,430,newXYX
SS,2019-09-04,11PLG094,E_KINGKING1,E_KINGKING1_O_XYX,E_KINGKING1_O_XYX,61433,61433,1,500,100,430,newXYX
SS,2019-09-04,11PLG094,E_KINGKING2,E_KINGKING2_O_XYX,E_KINGKING2_O_XYX,61433,61433,2,500,100,430,newXYX
SS,2019-09-04,11PLG094,E_KINGKING3,E_KINGKING3_O_XYX,E_KINGKING3_O_XYX,61433,61433,3,500,100,430,newXYX
SS,2019-09-04,13TJK092,E_TANJUNG_BARU_PS1,E_TANJUNG_BARU_PS1_O_XYX,E_TANJUNG_BARU_PS1_O_XYX,62311,62311,1,500,100,430,newXYX
SS,2019-09-04,13TJK092,E_TANJUNG_BARU_PS2,E_TANJUNG_BARU_PS2_O_XYX,E_TANJUNG_BARU_PS2_O_XYX,62311,62311,2,500,100,430,newXYX
SS,2019-09-04,13TJK092,E_TANJUNG_BARU_PS3,E_TANJUNG_BARU_PS3_O_XYX,E_TANJUNG_BARU_PS3_O_XYX,62311,62311,3,500,100,430,newXYX
SS,2019-09-04,13TJK083,E_ANTASARI_LSP1,E_ANTASARI_LSP1_O_XYX,E_ANTASARI_LSP1_O_XYX,62391,62391,1,500,100,430,newXYX
SS,2019-09-04,13TJK083,E_ANTASARI_LSP2,E_ANTASARI_LSP2_O_XYX,E_ANTASARI_LSP2_O_XYX,62391,62391,2,500,100,430,newXYX
SS,2019-09-04,13TJK083,E_ANTASARI_LSP3,E_ANTASARI_LSP3_O_XYX,E_ANTASARI_LSP3_O_XYX,62391,62391,3,500,100,430,newXYX
JAV,2019-09-04,14KLT169,L_SABRANG_KLT_IB1_O_XXX,L_SABRANG_KLT_IB1,L_SABRANG_KLT_IB1,31524,31524,1,1625,200,460,removalXXX
JAV,2019-09-04,14KLT169,L_SABRANG_KLT_IB2_O_XXX,L_SABRANG_KLT_IB2,L_SABRANG_KLT_IB2,31524,31524,2,1625,200,460,removalXXX
JAV,2019-09-04,14KLT169,L_SABRANG_KLT_IB3_O_XXX,L_SABRANG_KLT_IB3,L_SABRANG_KLT_IB3,31524,31524,3,1625,200,460,removalXXX
JAV,2019-09-04,14KLT169,E_SABRANG_KLT_IB1_O_XXX,E_SABRANG_KLT_IB1,E_SABRANG_KLT_IB1,32924,32924,1,476,50,430,removalXXX
JAV,2019-09-04,14KLT169,E_SABRANG_KLT_IB2_O_XXX,E_SABRANG_KLT_IB2,E_SABRANG_KLT_IB2,32924,32924,2,476,50,430,removalXXX
JAV,2019-09-04,14KLT169,E_SABRANG_KLT_IB3_O_XXX,E_SABRANG_KLT_IB3,E_SABRANG_KLT_IB3,32924,32924,3,476,50,430,removalXXX
KLM,2019-09-04,19SMR129,L_ASSA_AADAH_SMR_PL1_O_XXX,L_ASSA_AADAH_SMR_PL1,L_ASSA_AADAH_SMR_PL1,70110,70110,1,1625,200,430,removalXXX
KLM,2019-09-04,19SMR129,L_ASSA_AADAH_SMR_PL2_O_XXX,L_ASSA_AADAH_SMR_PL2,L_ASSA_AADAH_SMR_PL2,70110,70110,2,1625,200,460,removalXXX
KLM,2019-09-04,19SMR129,L_ASSA_AADAH_SMR_PL3_O_XXX,L_ASSA_AADAH_SMR_PL3,L_ASSA_AADAH_SMR_PL3,70110,70110,3,1625,200,460,removalXXX
KLM,2019-09-04,19SMR129,T_ASSA_AADAH_SMR_PL1_O_XXX,T_ASSA_AADAH_SMR_PL1,T_ASSA_AADAH_SMR_PL1,70110,70110,4,3676,50,430,removalXXX
KLM,2019-09-04,19SMR129,T_ASSA_AADAH_SMR_PL2_O_XXX,T_ASSA_AADAH_SMR_PL2,T_ASSA_AADAH_SMR_PL2,70110,70110,5,3676,50,430,removalXXX
KLM,2019-09-04,19SMR129,T_ASSA_AADAH_SMR_PL3_O_XXX,T_ASSA_AADAH_SMR_PL3,T_ASSA_AADAH_SMR_PL3,70110,70110,6,3676,50,430,removalXXX
KLM,2019-09-04,19TRG132,L_JAWA_TRG_ST1_O_XXX,L_JAWA_TRG_ST1,L_JAWA_TRG_ST1,70174,70174,1,1625,150,448,removalXXX
KLM,2019-09-04,19TRG132,L_JAWA_TRG_ST2_XXX,L_JAWA_TRG_ST2,L_JAWA_TRG_ST2,70174,70174,2,1625,150,448,removalXXX
KLM,2019-09-04,19TRG132,L_JAWA_TRG_ST3_O_XXX,L_JAWA_TRG_ST3,L_JAWA_TRG_ST3,70174,70174,3,1625,150,448,removalXXX
KLM,2019-09-04,19TRG132,T_JAWA_TRG_ST1_XXX,T_JAWA_TRG_ST1,T_JAWA_TRG_ST1,70174,70174,4,3676,50,430,removalXXX
KLM,2019-09-04,19TRG132,T_JAWA_TRG_ST2_XXX,T_JAWA_TRG_ST2,T_JAWA_TRG_ST2,70174,70174,5,3676,50,430,removalXXX
KLM,2019-09-04,19TRG132,T_JAWA_TRG_ST3_O_XXX,T_JAWA_TRG_ST3,T_JAWA_TRG_ST3,70174,70174,6,3676,50,430,removalXXX
KLM,2019-09-04,19SMR129,E_ASSA_AADAH_SMR_PL1_O_XXX,E_ASSA_AADAH_SMR_PL1,E_ASSA_AADAH_SMR_PL1,70610,70610,1,476,50,430,removalXXX
KLM,2019-09-04,19SMR129,E_ASSA_AADAH_SMR_PL2_O_XXX,E_ASSA_AADAH_SMR_PL2,E_ASSA_AADAH_SMR_PL2,70610,70610,2,476,50,430,removalXXX
KLM,2019-09-04,19SMR129,E_ASSA_AADAH_SMR_PL3_O_XXX,E_ASSA_AADAH_SMR_PL3,E_ASSA_AADAH_SMR_PL3,70610,70610,3,476,50,430,removalXXX
KLM,2019-09-04,17KBA056,L_TELUK_GOSONG_KBA_ST1_O_XXX,L_TELUK_GOSONG_KBA_ST1,L_TELUK_GOSONG_KBA_ST1,72142,72142,1,1625,150,448,removalXXX
KLM,2019-09-04,17KBA056,L_TELUK_GOSONG_KBA_ST2_XXX,L_TELUK_GOSONG_KBA_ST2,L_TELUK_GOSONG_KBA_ST2,72142,72142,2,1625,150,448,removalXXX
KLM,2019-09-04,17KBA056,L_TELUK_GOSONG_KBA_ST3_XXX,L_TELUK_GOSONG_KBA_ST3,L_TELUK_GOSONG_KBA_ST3,72142,72142,3,1625,150,448,removalXXX
KLM,2019-09-04,17KBA056,T_TELUK_GOSONG_KBA_ST1_O_XXX,T_TELUK_GOSONG_KBA_ST1,T_TELUK_GOSONG_KBA_ST1,72142,72142,4,3676,50,430,removalXXX
KLM,2019-09-04,17KBA056,T_TELUK_GOSONG_KBA_ST2_XXX,T_TELUK_GOSONG_KBA_ST2,T_TELUK_GOSONG_KBA_ST2,72142,72142,5,3676,50,430,removalXXX
KLM,2019-09-04,17KBA056,T_TELUK_GOSONG_KBA_ST3_XXX,T_TELUK_GOSONG_KBA_ST3,T_TELUK_GOSONG_KBA_ST3,72142,72142,6,3676,50,430,removalXXX
KLM,2019-09-04,17BLC038,L_BATU_MERANTI_BLC_MT1_O_XXX,L_BATU_MERANTI_BLC_MT1,L_BATU_MERANTI_BLC_MT1,72157,72157,1,1625,150,448,removalXXX
KLM,2019-09-04,17BLC038,L_BATU_MERANTI_BLC_MT2_O_XXX,L_BATU_MERANTI_BLC_MT2,L_BATU_MERANTI_BLC_MT2,72157,72157,2,1625,150,448,removalXXX
KLM,2019-09-04,17BLC038,L_BATU_MERANTI_BLC_MT3_O_XXX,L_BATU_MERANTI_BLC_MT3,L_BATU_MERANTI_BLC_MT3,72157,72157,3,1625,150,448,removalXXX
KLM,2019-09-04,17BLC038,T_BATU_MERANTI_BLC_MT1_O_XXX,T_BATU_MERANTI_BLC_MT1,T_BATU_MERANTI_BLC_MT1,72157,72157,4,3676,50,430,removalXXX
KLM,2019-09-04,17BLC038,T_BATU_MERANTI_BLC_MT2_O_XXX,T_BATU_MERANTI_BLC_MT2,T_BATU_MERANTI_BLC_MT2,72157,72157,5,3676,50,430,removalXXX
KLM,2019-09-04,17BLC038,T_BATU_MERANTI_BLC_MT3_O_XXX,T_BATU_MERANTI_BLC_MT3,T_BATU_MERANTI_BLC_MT3,72157,72157,6,3676,50,430,removalXXX
